millis,stamp,datetime,motion
1000, 1811465684, 2135/165/18 7:23:0, Inactive
1999, 1811465684, 2135/165/18 7:23:0, Inactive
2999, 1811465684, 2135/165/18 7:23:0, Inactive
3999, 1811465684, 2135/165/18 7:23:0, Active
4999, 1811465684, 2135/165/18 7:23:0, Active
5999, 1811465684, 2135/165/18 7:23:0, Active
6999, 1811465684, 2135/165/18 7:23:0, Inactive
7999, 1811465684, 2135/165/18 7:23:0, Inactive
9000, 1811465684, 2135/165/18 7:23:0, Inactive
9999, 1811465684, 2135/165/18 7:23:0, Inactive
10998, 1811465684, 2135/165/18 7:23:0, Inactive
11999, 1811465684, 2135/165/18 7:23:0, Inactive
12998, 1811465684, 2135/165/18 7:23:0, Active
13999, 1811465684, 2135/165/18 7:23:0, Active
14999, 1811465684, 2135/165/18 7:23:0, Inactive
16000, 1811465684, 2135/165/18 7:23:0, Inactive
16999, 1811465684, 2135/165/18 7:23:0, Inactive
17999, 1811465684, 2135/165/18 7:23:0, Inactive
18999, 1811465684, 2135/165/18 7:23:0, Inactive
19998, 1811465684, 2135/165/18 7:23:0, Active
20999, 1811465684, 2135/165/18 7:23:0, Active
21999, 1811465684, 2135/165/18 7:23:0, Active
23000, 1811465684, 2135/165/18 7:23:0, Inactive
23999, 1811465684, 2135/165/18 7:23:0, Inactive
24999, 1811465684, 2135/165/18 7:23:0, Inactive
25999, 1811465684, 2135/165/18 7:23:0, Inactive
26999, 1811465684, 2135/165/18 7:23:0, Inactive
27999, 1811465684, 2135/165/18 7:23:0, Inactive
28999, 1811465684, 2135/165/18 7:23:0, Inactive
29999, 1811465684, 2135/165/18 7:23:0, Inactive
30999, 1811465684, 2135/165/18 7:23:0, Inactive
31998, 1811465684, 2135/165/18 7:23:0, Inactive
32999, 1811465684, 2135/165/18 7:23:0, Active
33998, 1811465684, 2135/165/18 7:23:0, Active
34999, 1811465684, 2135/165/18 7:23:0, Active
35999, 1811465684, 2135/165/18 7:23:0, Inactive
37000, 1811465684, 2135/165/18 7:23:0, Inactive
37999, 1811465684, 2135/165/18 7:23:0, Inactive
38999, 1811465684, 2135/165/18 7:23:0, Inactive
39999, 1811465684, 2135/165/18 7:23:0, Inactive
40999, 1811465684, 2135/165/18 7:23:0, Active
42000, 1811465684, 2135/165/18 7:23:0, Active
42999, 1811465684, 2135/165/18 7:23:0, Active
44000, 1811465684, 2135/165/18 7:23:0, Inactive
44999, 1811465684, 2135/165/18 7:23:0, Inactive
45999, 1811465684, 2135/165/18 7:23:0, Inactive
46999, 1811465684, 2135/165/18 7:23:0, Inactive
47998, 1811465684, 2135/165/18 7:23:0, Inactive
48999, 1811465684, 2135/165/18 7:23:0, Active
49999, 1811465684, 2135/165/18 7:23:0, Active
50999, 1811465684, 2135/165/18 7:23:0, Active
51999, 1811465684, 2135/165/18 7:23:0, Inactive
52999, 1811465684, 2135/165/18 7:23:0, Inactive
53999, 1811465684, 2135/165/18 7:23:0, Inactive
54999, 1811465684, 2135/165/18 7:23:0, Inactive
55999, 1811465684, 2135/165/18 7:23:0, Inactive
56999, 1811465684, 2135/165/18 7:23:0, Inactive
57999, 1811465684, 2135/165/18 7:23:0, Inactive
58999, 1811465684, 2135/165/18 7:23:0, Inactive
59999, 1811465684, 2135/165/18 7:23:0, Inactive
60999, 1811465684, 2135/165/18 7:23:0, Inactive
61999, 1811465684, 2135/165/18 7:23:0, Inactive
62999, 1811465684, 2135/165/18 7:23:0, Inactive
63998, 1811465684, 2135/165/18 7:23:0, Inactive
64999, 1811465684, 2135/165/18 7:23:0, Inactive
65999, 1811465684, 2135/165/18 7:23:0, Inactive
66999, 1404171985, 2165/165/165 165:165:85, Active
67998, 1404171985, 2165/165/165 165:165:85, Active
68999, 1404171985, 2165/165/165 165:165:85, Active
69999, 1404171985, 2165/165/165 165:165:85, Inactive
70999, 1404171985, 2165/165/165 165:165:85, Inactive
71999, 1404171985, 2165/165/165 165:165:85, Inactive
72998, 1404171985, 2165/165/165 165:165:85, Inactive
73999, 1404171985, 2165/165/165 165:165:85, Inactive
74999, 1404171985, 2165/165/165 165:165:85, Active
75999, 1404171985, 2165/165/165 165:165:85, Active
76999, 1404171985, 2165/165/165 165:165:85, Inactive
77999, 1404171985, 2165/165/165 165:165:85, Inactive
78999, 1404171985, 2165/165/165 165:165:85, Inactive
80000, 1404171985, 2165/165/165 165:165:85, Inactive
80999, 1404171985, 2165/165/165 165:165:85, Inactive
81999, 1404171985, 2165/165/165 165:165:85, Inactive
82999, 1404171985, 2165/165/165 165:165:85, Inactive
83999, 1404171985, 2165/165/165 165:165:85, Active
85000, 1404171985, 2165/165/165 165:165:85, Active
85999, 1404171985, 2165/165/165 165:165:85, Active
86999, 1404171985, 2165/165/165 165:165:85, Inactive
87999, 1404171985, 2165/165/165 165:165:85, Inactive
88998, 1404171985, 2165/165/165 165:165:85, Inactive
89999, 1404171985, 2165/165/165 165:165:85, Inactive
90999, 1404171985, 2165/165/165 165:165:85, Inactive
91999, 1404171985, 2165/165/165 165:165:85, Inactive
92999, 1404171985, 2165/165/165 165:165:85, Active
93999, 1404171985, 2165/165/165 165:165:85, Active
94999, 1404171985, 2165/165/165 165:165:85, Inactive
96000, 1404171985, 2165/165/165 165:165:85, Inactive
96999, 1404171985, 2165/165/165 165:165:85, Inactive
97999, 1404171985, 2165/165/165 165:165:85, Inactive
98999, 1404171985, 2165/165/165 165:165:85, Inactive
99999, 1404171985, 2165/165/165 165:165:85, Inactive
100999, 1404171985, 2165/165/165 165:165:85, Active
101999, 1404171985, 2165/165/165 165:165:85, Active
102999, 1404171985, 2165/165/165 165:165:85, Active
103999, 1404171985, 2165/165/165 165:165:85, Inactive
104999, 1404171985, 2165/165/165 165:165:85, Inactive
105999, 1404171985, 2165/165/165 165:165:85, Inactive
106999, 1404171985, 2165/165/165 165:165:85, Inactive
107999, 1404171985, 2165/165/165 165:165:85, Inactive
108999, 1404171985, 2165/165/165 165:165:85, Inactive
109999, 1404171985, 2165/165/165 165:165:85, Inactive
110999, 1404171985, 2165/165/165 165:165:85, Active
111998, 1404171985, 2165/165/165 165:165:85, Active
112999, 1404171985, 2165/165/165 165:165:85, Active
113999, 1404171985, 2165/165/165 165:165:85, Inactive
114999, 1404171985, 2165/165/165 165:165:85, Inactive
115998, 1404171985, 2165/165/165 165:165:85, Inactive
116999, 1404171985, 2165/165/165 165:165:85, Inactive
117999, 1404171985, 2165/165/165 165:165:85, Inactive
118999, 1404171985, 2165/165/165 165:165:85, Inactive
119999, 1404171985, 2165/165/165 165:165:85, Active
120999, 1404171985, 2165/165/165 165:165:85, Active
122000, 1404171985, 2165/165/165 165:165:85, Inactive
122998, 1404171985, 2165/165/165 165:165:85, Inactive
123999, 1404171985, 2165/165/165 165:165:85, Inactive
124999, 1404171985, 2165/165/165 165:165:85, Inactive
125999, 1404171985, 2165/165/165 165:165:85, Inactive
126999, 1404171985, 2165/165/165 165:165:85, Inactive
127998, 1404171985, 2165/165/165 165:165:85, Inactive
128999, 1404171985, 2165/165/165 165:165:85, Inactive
129999, 1404171985, 2165/165/165 165:165:85, Inactive
130999, 1404171985, 2165/165/165 165:165:85, Inactive
131999, 1404171985, 2165/165/165 165:165:85, Inactive
132999, 1404171985, 2165/165/165 165:165:85, Inactive
133999, 1404171985, 2165/165/165 165:165:85, Inactive
134999, 1404171985, 2165/165/165 165:165:85, Inactive
135999, 1404171985, 2165/165/165 165:165:85, Inactive
136999, 1404171985, 2165/165/165 165:165:85, Inactive
137999, 1404171985, 2165/165/165 165:165:85, Inactive
138999, 1404171985, 2165/165/165 165:165:85, Inactive
139999, 1404171985, 2165/165/165 165:165:85, Inactive
141000, 1404171985, 2165/165/165 165:165:85, Inactive
141999, 1404171985, 2165/165/165 165:165:85, Inactive
142999, 1404171985, 2165/165/165 165:165:85, Inactive
144000, 1404171985, 2165/165/165 165:165:85, Inactive
144999, 1404171985, 2165/165/165 165:165:85, Inactive
145998, 1404171985, 2165/165/165 165:165:85, Inactive
146999, 1404171985, 2165/165/165 165:165:85, Inactive
147999, 1404171985, 2165/165/165 165:165:85, Inactive
148999, 1404171985, 2165/165/165 165:165:85, Inactive
149999, 1404171985, 2165/165/165 165:165:85, Active
151000, 1404171985, 2165/165/165 165:165:85, Active
151999, 1404171985, 2165/165/165 165:165:85, Active
152999, 1404171985, 2165/165/165 165:165:85, Inactive
153999, 1404171985, 2165/165/165 165:165:85, Inactive
154999, 1404171985, 2165/165/165 165:165:85, Inactive
155999, 1404171985, 2165/165/165 165:165:85, Inactive
156999, 1404171985, 2165/165/165 165:165:85, Inactive
157999, 1404171985, 2165/165/165 165:165:85, Active
159000, 1404171985, 2165/165/165 165:165:85, Active
159998, 1404171985, 2165/165/165 165:165:85, Active
160999, 1404171985, 2165/165/165 165:165:85, Inactive
161999, 1404171985, 2165/165/165 165:165:85, Inactive
162999, 1404171985, 2165/165/165 165:165:85, Inactive
163999, 1404171985, 2165/165/165 165:165:85, Inactive
164999, 1404171985, 2165/165/165 165:165:85, Inactive
165999, 1404171985, 2165/165/165 165:165:85, Inactive
166999, 1404171985, 2165/165/165 165:165:85, Active
167999, 1404171985, 2165/165/165 165:165:85, Active
168998, 1404171985, 2165/165/165 165:165:85, Active
169999, 1404171985, 2165/165/165 165:165:85, Inactive
170999, 1404171985, 2165/165/165 165:165:85, Inactive
171999, 1404171985, 2165/165/165 165:165:85, Inactive
172999, 1404171985, 2165/165/165 165:165:85, Inactive
173999, 1404171985, 2165/165/165 165:165:85, Inactive
174999, 1404171985, 2165/165/165 165:165:85, Inactive
176000, 1404171985, 2165/165/165 165:165:85, Active
176999, 1404171985, 2165/165/165 165:165:85, Active
178000, 1404171985, 2165/165/165 165:165:85, Active
178998, 1404171985, 2165/165/165 165:165:85, Inactive
179999, 1404171985, 2165/165/165 165:165:85, Inactive
180999, 1404171985, 2165/165/165 165:165:85, Inactive
181999, 1404171985, 2165/165/165 165:165:85, Inactive
182999, 1404171985, 2165/165/165 165:165:85, Inactive
183999, 1404171985, 2165/165/165 165:165:85, Inactive
184999, 1404171985, 2165/165/165 165:165:85, Inactive
185999, 1404171985, 2165/165/165 165:165:85, Inactive
186998, 1404171985, 2165/165/165 165:165:85, Active
187999, 1404171985, 2165/165/165 165:165:85, Active
188999, 1404171985, 2165/165/165 165:165:85, Inactive
189999, 1404171985, 2165/165/165 165:165:85, Inactive
190999, 1404171985, 2165/165/165 165:165:85, Inactive
192000, 1404171985, 2165/165/165 165:165:85, Inactive
192999, 1404171985, 2165/165/165 165:165:85, Inactive
193998, 1404171985, 2165/165/165 165:165:85, Inactive
194999, 1404171985, 2165/165/165 165:165:85, Inactive
196000, 1404171985, 2165/165/165 165:165:85, Inactive
196999, 1404171985, 2165/165/165 165:165:85, Inactive
197999, 1404171985, 2165/165/165 165:165:85, Inactive
199000, 1404171985, 2165/165/165 165:165:85, Inactive
199999, 1404171985, 2165/165/165 165:165:85, Inactive
200998, 1404171985, 2165/165/165 165:165:85, Inactive
201999, 1404171985, 2165/165/165 165:165:85, Inactive
202999, 1404171985, 2165/165/165 165:165:85, Inactive
203999, 1404171985, 2165/165/165 165:165:85, Inactive
204999, 1404171985, 2165/165/165 165:165:85, Inactive
205999, 1404171985, 2165/165/165 165:165:85, Inactive
206999, 1404171985, 2165/165/165 165:165:85, Inactive
208000, 1404171985, 2165/165/165 165:165:85, Inactive
208999, 1404171985, 2165/165/165 165:165:85, Inactive
209999, 1404171985, 2165/165/165 165:165:85, Inactive
210999, 1404171985, 2165/165/165 165:165:85, Inactive
211999, 1404171985, 2165/165/165 165:165:85, Inactive
212999, 1404171985, 2165/165/165 165:165:85, Inactive
213999, 1404171985, 2165/165/165 165:165:85, Inactive
214999, 1404171985, 2165/165/165 165:165:85, Inactive
215999, 1404171985, 2165/165/165 165:165:85, Inactive
216999, 1404171985, 2165/165/165 165:165:85, Inactive
217999, 1404171985, 2165/165/165 165:165:85, Inactive
218999, 1404171985, 2165/165/165 165:165:85, Inactive
219999, 1404171985, 2165/165/165 165:165:85, Inactive
220999, 1404171985, 2165/165/165 165:165:85, Inactive
221999, 1404171985, 2165/165/165 165:165:85, Inactive
222999, 1404171985, 2165/165/165 165:165:85, Inactive
224000, 1404171985, 2165/165/165 165:165:85, Inactive
225000, 1404171985, 2165/165/165 165:165:85, Inactive
225998, 1404171985, 2165/165/165 165:165:85, Inactive
226999, 1404171985, 2165/165/165 165:165:85, Inactive
227999, 1404171985, 2165/165/165 165:165:85, Inactive
228999, 1404171985, 2165/165/165 165:165:85, Inactive
229999, 1404171985, 2165/165/165 165:165:85, Inactive
230999, 1404171985, 2165/165/165 165:165:85, Inactive
231999, 1404171985, 2165/165/165 165:165:85, Inactive
232999, 1404171985, 2165/165/165 165:165:85, Inactive
233999, 1404171985, 2165/165/165 165:165:85, Active
234999, 1404171985, 2165/165/165 165:165:85, Active
235999, 1404171985, 2165/165/165 165:165:85, Active
236999, 1404171985, 2165/165/165 165:165:85, Inactive
237999, 1404171985, 2165/165/165 165:165:85, Inactive
238999, 1404171985, 2165/165/165 165:165:85, Inactive
240000, 1404171985, 2165/165/165 165:165:85, Inactive
240999, 1404171985, 2165/165/165 165:165:85, Inactive
241999, 1404171985, 2165/165/165 165:165:85, Inactive
242999, 1404171985, 2165/165/165 165:165:85, Active
243999, 1404171985, 2165/165/165 165:165:85, Active
245000, 1404171985, 2165/165/165 165:165:85, Active
245999, 1404171985, 2165/165/165 165:165:85, Inactive
246999, 1404171985, 2165/165/165 165:165:85, Inactive
247999, 1404171985, 2165/165/165 165:165:85, Inactive
248999, 1404171985, 2165/165/165 165:165:85, Inactive
249999, 1404171985, 2165/165/165 165:165:85, Inactive
250999, 1404171985, 2165/165/165 165:165:85, Inactive
251999, 1404171985, 2165/165/165 165:165:85, Active
252999, 1404171985, 2165/165/165 165:165:85, Active
254000, 1404171985, 2165/165/165 165:165:85, Active
254999, 1404171985, 2165/165/165 165:165:85, Inactive
256000, 1404171985, 2165/165/165 165:165:85, Inactive
256999, 1404171985, 2165/165/165 165:165:85, Inactive
257999, 1404171985, 2165/165/165 165:165:85, Inactive
258999, 1404171985, 2165/165/165 165:165:85, Inactive
259999, 1404171985, 2165/165/165 165:165:85, Inactive
260999, 1404171985, 2165/165/165 165:165:85, Inactive
262000, 1404171985, 2165/165/165 165:165:85, Inactive
262999, 1404171985, 2165/165/165 165:165:85, Inactive
263999, 1404171985, 2165/165/165 165:165:85, Inactive
264999, 1404171985, 2165/165/165 165:165:85, Inactive
265999, 1404171985, 2165/165/165 165:165:85, Active
266999, 1404171985, 2165/165/165 165:165:85, Active
267999, 1404171985, 2165/165/165 165:165:85, Inactive
268999, 1404171985, 2165/165/165 165:165:85, Inactive
269999, 1404171985, 2165/165/165 165:165:85, Inactive
270999, 1404171985, 2165/165/165 165:165:85, Inactive
271998, 1404171985, 2165/165/165 165:165:85, Inactive
272999, 1404171985, 2165/165/165 165:165:85, Inactive
273999, 1404171985, 2165/165/165 165:165:85, Inactive
275000, 1404171985, 2165/165/165 165:165:85, Active
275998, 1404171985, 2165/165/165 165:165:85, Active
276999, 1404171985, 2165/165/165 165:165:85, Active
277999, 1404171985, 2165/165/165 165:165:85, Inactive
278999, 1404171985, 2165/165/165 165:165:85, Inactive
279999, 1404171985, 2165/165/165 165:165:85, Inactive
280998, 1404171985, 2165/165/165 165:165:85, Inactive
281999, 1404171985, 2165/165/165 165:165:85, Inactive
282999, 1404171985, 2165/165/165 165:165:85, Inactive
283999, 1404171985, 2165/165/165 165:165:85, Inactive
284999, 1404171985, 2165/165/165 165:165:85, Inactive
285999, 1404171985, 2165/165/165 165:165:85, Inactive
286999, 1404171985, 2165/165/165 165:165:85, Inactive
287998, 1404171985, 2165/165/165 165:165:85, Inactive
288999, 1404171985, 2165/165/165 165:165:85, Inactive
289999, 1404171985, 2165/165/165 165:165:85, Inactive
290999, 1404171985, 2165/165/165 165:165:85, Inactive
291999, 1404171985, 2165/165/165 165:165:85, Inactive
292999, 1404171985, 2165/165/165 165:165:85, Inactive
293999, 1404171985, 2165/165/165 165:165:85, Inactive
294999, 1404171985, 2165/165/165 165:165:85, Inactive
295999, 1404171985, 2165/165/165 165:165:85, Inactive
296999, 1404171985, 2165/165/165 165:165:85, Inactive
297999, 1404171985, 2165/165/165 165:165:85, Active
298999, 1404171985, 2165/165/165 165:165:85, Active
300000, 1404171985, 2165/165/165 165:165:85, Active
300998, 1404171985, 2165/165/165 165:165:85, Inactive
301999, 1404171985, 2165/165/165 165:165:85, Inactive
302999, 1404171985, 2165/165/165 165:165:85, Inactive
304000, 1404171985, 2165/165/165 165:165:85, Inactive
